Row Labels,Count of Order ID,Sum of Profit,Sum of Sales,AOV (Average Order Value), Profit_Margin_%,Final_Score
Alice - South,561,18264.7864,134327.0755,#DIV/0!,#DIV/0!,#DIV/0!
Bob - South,538,13635.0395,120924.7165,#VALUE!,#VALUE!,#VALUE!
Carol - South,521,14849.6044,136470.113,0.004176373,3255.755152,#DIV/0!
David - West,1079,29325.2425,223087.8555,0.004449049,2534.393959,#VALUE!
Eva - West,1099,36876.3233,248147.31,0.003817686,2850.211977,#DIV/0!
Frank - West,1025,42216.8831,254222.659,0.00483666,2717.816728,#DIV/0!
Grace - Central,758,12271.8621,175333.5458,0.004428821,3355.44343,#DIV/0!
Henry - Central,784,154.0759,146030.898,0.004031899,4118.720302,#DIV/0!
Ivy - Central,781,27280.4245,179875.447,0.004323189,1618.979169,#DIV/0!
Jack - East,927,14636.595,190483.209,0.005368727,19.65253827,#DIV/0!
Kara - East,1012,38214.7878,249693.168,0.004341893,3493.0121,#DIV/0!
Leo - East,909,38671.3972,238604.863,0.004866571,1578.920712,#DIV/0!
Grand Total,9994,286397.0217,2297200.86,,,
